"Id";"Name";"Created";"TimeStamp"
"1";"Proxxon";"2021-12-10 08:50:37";"2021-12-10 08:50:37"
"2";"Dremel";"2021-12-10 08:50:37";"2021-12-10 08:50:37"
"3";"Excel";"2021-12-10 08:50:37";"2021-12-10 08:50:37"
"4";"Amati";"2021-12-10 08:50:37";"2021-12-10 08:50:37"
"5";"Artesania";"2021-12-10 08:50:37";"2021-12-10 08:50:37"
"6";"Mantua";"2021-12-10 08:50:37";"2021-12-10 08:50:37"
"7";"Modelcraft";"2021-12-10 08:50:37";"2021-12-10 08:50:37"
"8";"Occre";"2021-12-10 08:50:37";"2021-12-10 08:50:37"
"9";"Revell";"2021-12-10 08:50:37";"2021-12-10 08:50:37"
"10";"Humbrol";"2021-12-10 08:50:37";"2021-12-10 08:50:37"
"11";"Tamiya";"2021-12-10 08:50:37";"2021-12-10 08:50:37"
"12";"Billing Boats";"2021-12-10 08:50:37";"2021-12-10 08:50:37"
"13";"Model Shipways";"2021-12-10 08:50:37";"2021-12-10 08:50:37"
"14";"Caldercraft";"2021-12-10 08:50:37";"2021-12-10 08:50:37"
"15";"Constructo";"2021-12-10 08:50:37";"2021-12-10 08:50:37"
"16";"Krick";"2021-12-10 08:50:37";"2021-12-10 08:50:37"
"17";"Aeronaut";"2021-12-10 08:50:37";"2021-12-10 08:50:37"
"18";"Corel";"2021-12-10 08:50:37";"2021-12-10 08:50:37"
"19";"Panart";"2021-12-10 08:50:37";"2021-12-10 08:50:37"
"20";"Sergal";"2021-12-10 08:50:37";"2021-12-10 08:50:37"
