1,Proxxon,"2004-03-10 08:50:37","2004-03-10 08:50:37"
2,Dremel,"2021-12-10 08:50:37","2021-12-10 08:50:37"
3,Excel,"2021-12-10 08:50:37","2021-12-10 08:50:37"
4,Amati,"2021-12-10 08:50:37","2021-12-10 08:50:37"
5,"Artesania Latina","2021-12-10 08:50:37","2021-12-10 08:50:37"
6,Mantua,"2021-12-10 08:50:37","2021-12-10 08:50:37"
7,Modelcraft,"2021-12-10 08:50:37","2021-12-10 08:50:37"
8,Occre,"2021-12-10 08:50:37","2021-12-10 08:50:37"
9,Revell,"2021-12-10 08:50:37","2021-12-10 08:50:37"
10,Humbrol,"2021-12-10 08:50:37","2021-12-10 08:50:37"
11,Tamiya,"2021-12-10 08:50:37","2021-12-10 08:50:37"
12,"Billing Boats","2021-12-10 08:50:37","2021-12-10 08:50:37"
13,"Model Shipways","2021-12-10 08:50:37","2021-12-10 08:50:37"
14,Caldercraft,"2021-12-10 08:50:37","2021-12-10 08:50:37"
15,Constructo,"2021-12-10 08:50:37","2021-12-10 08:50:37"
16,Krick,"2021-12-10 08:50:37","2021-12-10 08:50:37"
17,Aeronaut,"2021-12-10 08:50:37","2021-12-10 08:50:37"
18,Corel,"2021-12-10 08:50:37","2021-12-10 08:50:37"
19,Panart,"2021-12-10 08:50:37","2021-12-10 08:50:37"
20,Sergal,"2021-12-10 08:50:37","2021-12-10 08:50:37"
21,CAP,"2021-12-10 08:50:37","2021-12-10 08:50:37"
22,"CMK Czech","2021-12-10 08:50:37","2021-12-10 08:50:37"
23,Disar,"2021-12-10 08:50:37","2021-12-10 08:50:37"
24,Dumas,"2021-12-10 08:50:37","2021-12-10 08:50:37"
25,Graupner,"2021-12-10 08:50:37","2021-12-10 08:50:37"
26,Mamoli,"2021-12-10 08:50:37","2021-12-10 08:50:37"
27,Shipyard,"2021-12-10 08:50:37","2021-12-10 08:50:37"
28,UHU,"2021-12-10 08:50:37","2021-12-10 08:50:37"
29,ZAP,"2021-12-10 08:50:37","2021-12-10 08:50:37"
30,"Super Glue","2021-12-10 08:50:37","2021-12-10 08:50:37"
31,"Admirality","2021-12-10 08:50:37","2021-12-10 08:50:37"
32,Aliphatic,"2021-12-10 08:50:37","2021-12-10 08:50:37"
33,"Ever Build","2021-12-10 08:50:37","2021-12-10 08:50:37"
34,Badger,"2021-12-10 08:50:37","2021-12-10 08:50:37"
35,Rotacraft,"2021-12-10 08:50:37","2021-12-10 08:50:37"
36,David,"2021-12-10 08:50:37","2021-12-10 08:50:37"
37,HobbyZone,"2021-12-10 08:50:37","2021-12-10 08:50:37"
38,Vallejo,"2021-12-10 08:50:37","2021-12-10 08:50:37"
39,"AMMO Mig","2021-12-10 08:50:37","2021-12-10 08:50:37"
40,"Master Tools,"2021-12-10 08:50:37","2021-12-10 08:50:37"
41,Trumpeter,"2021-12-10 08:50:37","2021-12-10 08:50:37"
42,Faller,"2021-12-10 08:50:37","2021-12-10 08:50:37"
43,HMB,"2021-12-10 08:50:37","2021-12-10 08:50:37"
44,Proedge,"2021-12-10 08:50:37","2021-12-10 08:50:37"
45,Kinzo,"2021-12-10 08:50:37","2021-12-10 08:50:37"
46,Praxis,"2021-12-10 08:50:37","2021-12-10 08:50:37"
47,Gamma,"2021-12-10 08:50:37","2021-12-10 08:50:37"
48,Bosch,"2021-12-10 08:50:37","2021-12-10 08:50:37"
49,Makita,"2021-12-10 08:50:37","2021-12-10 08:50:37"
50,Xuron,"2021-12-10 08:50:37","2021-12-10 08:50:37"