-- --------------------------------------------------------
-- Host:                         localhost
-- Server versie:                8.0.25 - MySQL Community Server - GPL
-- Server OS:                    Win64
-- HeidiSQL Versie:              11.2.0.6213
-- --------------------------------------------------------

/*!40101 SET @OLD_CHARACTER_SET_CLIENT=@@CHARACTER_SET_CLIENT */;
/*!40101 SET NAMES utf8 */;
/*!50503 SET NAMES utf8mb4 */;
/*!40014 SET @OLD_FOREIGN_KEY_CHECKS=@@FOREIGN_KEY_CHECKS, FOREIGN_KEY_CHECKS=0 */;
/*!40101 SET @OLD_SQL_MODE=@@SQL_MODE, SQL_MODE='NO_AUTO_VALUE_ON_ZERO' */;
/*!40111 SET @OLD_SQL_NOTES=@@SQL_NOTES, SQL_NOTES=0 */;


-- Databasestructuur van modelbuilder wordt geschreven
CREATE DATABASE IF NOT EXISTS `modelbuilder` /*!40100 DEFAULT CHARACTER SET utf8mb4 COLLATE utf8mb4_0900_ai_ci */ /*!80016 DEFAULT ENCRYPTION='N' */;
USE `modelbuilder`;

-- Dumpen data van tabel modelbuilder.categories: ~189 rows (ongeveer)
DELETE FROM `categories`;
/*!40000 ALTER TABLE `categories` DISABLE KEYS */;
INSERT INTO `categories` (`category_Id`, `category_Description`, `category_ParentId`) VALUES
	(510, 'Afwerkingerking', NULL),
	(511, 'Veroudering/Bruinering', 510),
	(512, 'Maskering', 510),
	(513, 'Penselen', 510),
	(514, 'Verf', 510),
	(515, 'Lak', 510),
	(516, 'Lijm', 510),
	(517, 'Houtlijm', 516),
	(518, 'Secondenlijm', 516),
	(519, 'Gereedschapeedschap', NULL),
	(520, 'Algemeen', 519),
	(521, 'Accessoires', 520),
	(522, 'Elektrisch', 519),
	(523, 'Accessoires', 522),
	(524, 'Hand', 519),
	(525, 'Accessoires', 524),
	(526, 'Meetgereedschap', 519),
	(527, 'Accessoires', 526),
	(528, 'Hulpmiddelen', NULL),
	(529, 'Opbergmiddelen', 528),
	(530, 'Schuurpapier', 528),
	(531, 'Materiaal', NULL),
	(532, 'Scheepsbeslag', 531),
	(533, 'Ankers', 532),
	(534, 'Boegbeelden', 532),
	(535, 'Scheepsbellen/hoorns', 532),
	(536, 'Blokken', 532),
	(537, 'Kikkers/Bolders/Klampen', 532),
	(538, 'Bijboten', 532),
	(539, 'Dekattributen', 532),
	(540, 'Scheepsklokken', 532),
	(541, 'Lantaarns', 532),
	(542, 'Mastvoetten', 532),
	(543, 'Korvijnagels(Belayingpins)', 532),
	(544, 'Ogen', 532),
	(545, 'Bevestigingspinnen', 532),
	(546, 'Pompen', 532),
	(547, 'Patrijspoorten', 532),
	(548, 'Roosters', 532),
	(549, 'Geschut', 532),
	(550, 'Stuurwielen', 532),
	(551, 'Trappen', 532),
	(552, 'Vlaggenmasten', 532),
	(553, 'Want/Mast/Geleiding', 532),
	(554, 'Beuken', 531),
	(555, 'Lat', 554),
	(556, 'Plaat', 554),
	(557, 'Profiel', 554),
	(558, 'Rond', 554),
	(559, 'Vierkant', 554),
	(560, 'Eiken', 531),
	(561, 'Lat', 560),
	(562, 'Plaat', 560),
	(563, 'Profiel', 560),
	(564, 'Rond', 560),
	(565, 'Vierkant', 560),
	(566, 'Garen', 531),
	(567, 'Beige', 566),
	(568, 'Bruin', 566),
	(569, 'Wit', 566),
	(570, 'Zwart', 566),
	(571, 'Koper', 531),
	(572, 'Draad', 571),
	(573, 'Plaat', 571),
	(574, 'Profiel', 571),
	(575, 'Rond', 571),
	(576, 'Strip', 571),
	(577, 'Vierkant', 571),
	(578, 'Kunststof', 531),
	(579, 'Plaat', 578),
	(580, 'Profiel', 578),
	(581, 'Rond', 578),
	(582, 'Strip', 578),
	(583, 'Vierkant', 578),
	(584, 'Mahoni', 531),
	(585, 'Lat', 584),
	(586, 'Plaat', 584),
	(587, 'Profiel', 584),
	(588, 'Rond', 584),
	(589, 'Vierkant', 584),
	(590, 'Messing', 531),
	(591, 'Draad', 590),
	(592, 'Plaat', 590),
	(593, 'Profiel', 590),
	(594, 'Rond', 590),
	(595, 'Strip', 590),
	(596, 'Vierkant', 590),
	(597, 'Noten', 531),
	(598, 'Lat', 597),
	(599, 'Plaat', 597),
	(600, 'Profiel', 597),
	(601, 'Rond', 597),
	(602, 'Vierkant', 597),
	(603, 'Vuren', 531),
	(604, 'Lat', 602),
	(605, 'Plaat', 602),
	(606, 'Profiel', 602),
	(607, 'Rond', 602),
	(608, 'Vierkant', 602),
	(609, 'Zeilen', 531),
	(610, 'Bruin', 609),
	(611, 'Creme', 609),
	(612, 'Wit', 609),
	(613, 'Zwart', 609),
	(667, 'Test', NULL),
	(668, 'T1', 667),
	(669, 'T2', 667),
	(670, 'T3', 667),
	(671, 'T4', 667),
	(672, 'T1', 668),
	(673, 'T2', 668),
	(674, 'T3', 668),
	(675, 'T4', 668),
	(676, 'T1', 669),
	(677, 'T2', 669),
	(678, 'T3', 669),
	(679, 'T4', 669),
	(680, 'T1', 670),
	(681, 'T2', 670),
	(682, 'T3', 670),
	(683, 'T4', 670),
	(684, 'T1', 671),
	(685, 'T2', 671),
	(686, 'T3', 671),
	(687, 'T4', 671),
	(688, 'T1', 672),
	(689, 'T2', 672),
	(690, 'T3', 672),
	(691, 'T4', 672),
	(692, 'T1', 673),
	(693, 'T2', 673),
	(694, 'T3', 673),
	(695, 'T4', 673),
	(696, 'T1', 674),
	(697, 'T2', 674),
	(698, 'T3', 674),
	(699, 'T4', 674),
	(700, 'T1', 675),
	(701, 'T2', 675),
	(702, 'T3', 675),
	(703, 'T4', 675),
	(704, 'T1', 676),
	(705, 'T2', 676),
	(706, 'T3', 676),
	(707, 'T4', 676),
	(708, 'T1', 677),
	(709, 'T2', 677),
	(710, 'T3', 677),
	(711, 'T4', 677),
	(712, 'T1', 678),
	(713, 'T2', 678),
	(714, 'T3', 678),
	(715, 'T4', 678),
	(716, 'T1', 679),
	(717, 'T2', 679),
	(718, 'T3', 679),
	(719, 'T4', 679),
	(720, 'T1', 680),
	(721, 'T2', 680),
	(722, 'T3', 680),
	(723, 'T4', 680),
	(724, 'T1', 681),
	(725, 'T2', 681),
	(726, 'T3', 681),
	(727, 'T4', 681),
	(728, 'T1', 682),
	(729, 'T2', 682),
	(730, 'T3', 682),
	(731, 'T4', 682),
	(732, 'T1', 683),
	(733, 'T2', 683),
	(734, 'T3', 683),
	(735, 'T4', 683),
	(736, 'T1', 684),
	(737, 'T2', 684),
	(738, 'T3', 684),
	(739, 'T4', 684),
	(740, 'T1', 685),
	(741, 'T2', 685),
	(742, 'T3', 685),
	(743, 'T4', 685),
	(744, 'T1', 686),
	(745, 'T2', 686),
	(746, 'T3', 686),
	(747, 'T4', 686),
	(748, 'T1', 687),
	(749, 'T2', 687),
	(750, 'T3', 687),
	(751, 'T4', 687);
/*!40000 ALTER TABLE `categories` ENABLE KEYS */;

-- Dumpen data van tabel modelbuilder.category: ~189 rows (ongeveer)
DELETE FROM `category`;
/*!40000 ALTER TABLE `category` DISABLE KEYS */;
INSERT INTO `category` (`category_Id`, `category_ShortName`, `category_Description`, `category_Fullpath`, `category_IsRoot`, `category_ParentId`) VALUES
	(510, 'AFW', 'Afwerkingerking', 'Afwerking', 1, NULL),
	(511, 'BRUI', 'Veroudering/Bruinering', 'Afwerking\\Veroudering/Bruinering', 0, 510),
	(512, 'MASK', 'Maskering', 'Afwerking\\Maskering', 0, 510),
	(513, 'PENS', 'Penselen', 'Afwerking\\Penselen', 0, 510),
	(514, 'VERF', 'Verf', 'Afwerking\\Verf', 0, 510),
	(515, 'LAK', 'Lak', 'Afwerking\\Lak', 0, 510),
	(516, 'LIJM', 'Lijm', 'Afwerking\\Lijm', 0, 510),
	(517, 'HOUT', 'Houtlijm', 'Afwerking\\Lijm\\Houtlijm', 0, 516),
	(518, 'SEC', 'Secondenlijm', 'Afwerking\\Lijm\\Secondenlijm', 0, 516),
	(519, 'GER', 'Gereedschapeedschap', 'Gereedschap', 1, NULL),
	(520, 'ALG', 'Algemeen', 'Gereedschap\\Algemeen', 0, 519),
	(521, 'ACC', 'Accessoires', 'Gereedschap\\Algemeen\\Accessoires', 0, 520),
	(522, 'ELC', 'Elektrisch', 'Gereedschap\\Elektrisch', 0, 519),
	(523, 'ACC', 'Accessoires', 'Gereedschap\\Elektrisch\\Accessoires', 0, 522),
	(524, 'HAND', 'Hand', 'Gereedschap\\Hand', 0, 519),
	(525, 'ACC', 'Accessoires', 'Gereedschap\\Hand\\Accessoires', 0, 524),
	(526, 'MEET', 'Meetgereedschap', 'Gereedschap\\Meetgereedschap', 0, 519),
	(527, 'ACC', 'Accessoires', 'Gereedschap\\Meetgereedschap\\Accessoires', 0, 526),
	(528, 'HULP', 'Hulpmiddelen', 'Hulpmiddelen', 1, NULL),
	(529, 'OPB', 'Opbergmiddelen', 'Hulpmiddelen\\Opbergmiddelen', 0, 528),
	(530, 'SCHUUR', 'Schuurpapier', 'Hulpmiddelen\\Schuurpapier', 0, 528),
	(531, 'MAT', 'Materiaal', 'Materiaal', 1, NULL),
	(532, 'BESL', 'Scheepsbeslag', 'Materiaal\\Scheepsbeslag', 0, 531),
	(533, 'ANKER', 'Ankers', 'Materiaal\\Scheepsbeslag\\Ankers', 0, 532),
	(534, 'BEELD', 'Boegbeelden', 'Materiaal\\Scheepsbeslag\\Boegbeelden', 0, 532),
	(535, 'BEL', 'Scheepsbellen/hoorns', 'Materiaal\\Scheepsbeslag\\Scheepsbellen/hoorns', 0, 532),
	(536, 'BLOK', 'Blokken', 'Materiaal\\Scheepsbeslag\\Blokken', 0, 532),
	(537, 'BOLD', 'Kikkers/Bolders/Klampen', 'Materiaal\\Scheepsbeslag\\Kikkers/Bolders/Klampen', 0, 532),
	(538, 'BOOT', 'Bijboten', 'Materiaal\\Scheepsbeslag\\Bijboten', 0, 532),
	(539, 'DEK', 'Dekattributen', 'Materiaal\\Scheepsbeslag\\Dekattributen', 0, 532),
	(540, 'KLOK', 'Scheepsklokken', 'Materiaal\\Scheepsbeslag\\Scheepsklokken', 0, 532),
	(541, 'LANT', 'Lantaarns', 'Materiaal\\Scheepsbeslag\\Lantaarns', 0, 532),
	(542, 'MAST', 'Mastvoetten', 'Materiaal\\Scheepsbeslag\\Mastvoeten', 0, 532),
	(543, 'NAGEL', 'Korvijnagels(Belayingpins)', 'Materiaal\\Scheepsbeslag\\Korvijnagels(Belayingpins)', 0, 532),
	(544, 'OOG', 'Ogen', 'Materiaal\\Scheepsbeslag\\Ogen', 0, 532),
	(545, 'PIN', 'Bevestigingspinnen', 'Materiaal\\Scheepsbeslag\\Bevestigingspinnen', 0, 532),
	(546, 'POMP', 'Pompen', 'Materiaal\\Scheepsbeslag\\Pompen', 0, 532),
	(547, 'POORT', 'Patrijspoorten', 'Materiaal\\Scheepsbeslag\\Patrijspoorten', 0, 532),
	(548, 'RSTR', 'Roosters', 'Materiaal\\Scheepsbeslag\\Roosters', 0, 532),
	(549, 'SCHUT', 'Geschut', 'Materiaal\\Scheepsbeslag\\Geschut', 0, 532),
	(550, 'STUUR', 'Stuurwielen', 'Materiaal\\Scheepsbeslag\\Stuurwielen', 0, 532),
	(551, 'TRAP', 'Trappen', 'Materiaal\\Scheepsbeslag\\Trappen', 0, 532),
	(552, 'VLAG', 'Vlaggenmasten', 'Materiaal\\Scheepsbeslag\\Vlaggenmasten', 0, 532),
	(553, 'WANT', 'Want/Mast/Geleiding', 'Materiaal\\Scheepsbeslag\\Want/Mast/Geleiding', 0, 532),
	(554, 'BEUK', 'Beuken', 'Materiaal\\Beuken', 0, 531),
	(555, 'LAT', 'Lat', 'Materiaal\\Beuken\\Lat', 0, 554),
	(556, 'PLT', 'Plaat', 'Materiaal\\Beuken\\Plaat', 0, 554),
	(557, 'PRF', 'Profiel', 'Materiaal\\Beuken\\Profiel', 0, 554),
	(558, 'RND', 'Rond', 'Materiaal\\Beuken\\Rond', 0, 554),
	(559, 'VIERK', 'Vierkant', 'Materiaal\\Beuken\\Vierkant', 0, 554),
	(560, 'EIK', 'Eiken', 'Materiaal\\Eiken', 0, 531),
	(561, 'LAT', 'Lat', 'Materiaal\\Eiken\\Lat', 0, 560),
	(562, 'PLT', 'Plaat', 'Materiaal\\Eiken\\Plaat', 0, 560),
	(563, 'PRF', 'Profiel', 'Materiaal\\Eiken\\Profiel', 0, 560),
	(564, 'RND', 'Rond', 'Materiaal\\Eiken\\Rond', 0, 560),
	(565, 'VIERK', 'Vierkant', 'Materiaal\\Eiken\\Vierkant', 0, 560),
	(566, 'GAREN', 'Garen', 'Materiaal\\Garen', 0, 531),
	(567, 'BEIGE', 'Beige', 'Materiaal\\Garen\\Beige', 0, 566),
	(568, 'BRN', 'Bruin', 'Materiaal\\Garen\\Bruin', 0, 566),
	(569, 'WIT', 'Wit', 'Materiaal\\Garen\\Wit', 0, 566),
	(570, 'ZWART', 'Zwart', 'Materiaal\\Garen\\Zwart', 0, 566),
	(571, 'KOP', 'Koper', 'Materiaal\\Koper', 0, 531),
	(572, 'DRD', 'Draad', 'Materiaal\\Koper\\Draad', 0, 571),
	(573, 'PLT', 'Plaat', 'Materiaal\\Koper\\Plaat', 0, 571),
	(574, 'PRF', 'Profiel', 'Materiaal\\Koper\\Profiel', 0, 571),
	(575, 'RND', 'Rond', 'Materiaal\\Koper\\Rond', 0, 571),
	(576, 'STRP', 'Strip', 'Materiaal\\Koper\\Strip', 0, 571),
	(577, 'VIERK', 'Vierkant', 'Materiaal\\Koper\\Vierkant', 0, 571),
	(578, 'KUNST', 'Kunststof', 'Materiaal\\Kunststof', 0, 531),
	(579, 'PLT', 'Plaat', 'Materiaal\\Kunststof\\Plaat', 0, 578),
	(580, 'PRF', 'Profiel', 'Materiaal\\Kunststof\\Profiel', 0, 578),
	(581, 'RND', 'Rond', 'Materiaal\\Kunststof\\Rond', 0, 578),
	(582, 'STRP', 'Strip', 'Materiaal\\Kunststof\\Strip', 0, 578),
	(583, 'VIERK', 'Vierkant', 'Materiaal\\Kunststof\\Vierkant', 0, 578),
	(584, 'MAH', 'Mahoni', 'Materiaal\\Mahoni', 0, 531),
	(585, 'LAT', 'Lat', 'Materiaal\\Mahoni\\Lat', 0, 584),
	(586, 'PLT', 'Plaat', 'Materiaal\\Mahoni\\Plaat', 0, 584),
	(587, 'PRF', 'Profiel', 'Materiaal\\Mahoni\\Profiel', 0, 584),
	(588, 'RND', 'Rond', 'Materiaal\\Mahoni\\Rond', 0, 584),
	(589, 'VIERK', 'Vierkant', 'Materiaal\\Mahoni\\Vierkant', 0, 584),
	(590, 'MESS', 'Messing', 'Materiaal\\Messing', 0, 531),
	(591, 'DRD', 'Draad', 'Materiaal\\Messing\\Draad', 0, 590),
	(592, 'PLT', 'Plaat', 'Materiaal\\Messing\\Plaat', 0, 590),
	(593, 'PRF', 'Profiel', 'Materiaal\\Messing\\Profiel', 0, 590),
	(594, 'RND', 'Rond', 'Materiaal\\Messing\\Rond', 0, 590),
	(595, 'STRP', 'Strip', 'Materiaal\\Messing\\Strip', 0, 590),
	(596, 'VIERK', 'Vierkant', 'Materiaal\\Messing\\Vierkant', 0, 590),
	(597, 'NOOT', 'Noten', 'Materiaal\\Noten', 0, 531),
	(598, 'LAT', 'Lat', 'Materiaal\\Noten\\Lat', 0, 597),
	(599, 'PLT', 'Plaat', 'Materiaal\\Noten\\Plaat', 0, 597),
	(600, 'PRF', 'Profiel', 'Materiaal\\Noten\\Profiel', 0, 597),
	(601, 'RND', 'Rond', 'Materiaal\\Noten\\Rond', 0, 597),
	(602, 'VIERK', 'Vierkant', 'Materiaal\\Noten\\Vierkant', 0, 597),
	(603, 'VUUR', 'Vuren', 'Materiaal\\Vuren', 0, 531),
	(604, 'LAT', 'Lat', 'Materiaal\\Vuren\\Lat', 0, 602),
	(605, 'PLT', 'Plaat', 'Materiaal\\Vuren\\Plaat', 0, 602),
	(606, 'PRF', 'Profiel', 'Materiaal\\Vuren\\Profiel', 0, 602),
	(607, 'RND', 'Rond', 'Materiaal\\Vuren\\Rond', 0, 602),
	(608, 'VIERK', 'Vierkant', 'Materiaal\\Vuren\\Vierkant', 0, 602),
	(609, 'ZEIL', 'Zeilen', 'Materiaal\\Zeilen', 0, 531),
	(610, 'BRN', 'Bruin', 'Materiaal\\Zeilen\\Bruin', 0, 609),
	(611, 'CREME', 'Creme', 'Materiaal\\Zeilen\\Creme', 0, 609),
	(612, 'WIT', 'Wit', 'Materiaal\\Zeilen\\Wit', 0, 609),
	(613, 'ZWRT', 'Zwart', 'Materiaal\\Zeilen\\Zwart', 0, 609),
	(667, 'AAA', 'Test', 'Test', 1, NULL),
	(668, 'AAA', 'T1', 'Test\\T1', 0, 667),
	(669, 'AAA', 'T2', 'Test\\T2', 0, 667),
	(670, 'AAA', 'T3', 'Test\\T3', 0, 667),
	(671, 'AAA', 'T4', 'Test\\T4', 0, 667),
	(672, 'AAA', 'T1', 'Test\\T1\\T1', 0, 668),
	(673, 'AAA', 'T2', 'Test\\T1\\T2', 0, 668),
	(674, 'AAA', 'T3', 'Test\\T1\\T3', 0, 668),
	(675, 'AAA', 'T4', 'Test\\T1\\T4', 0, 668),
	(676, 'AAA', 'T1', 'Test\\T2\\T1', 0, 669),
	(677, 'AAA', 'T2', 'Test\\T2\\T2', 0, 669),
	(678, 'AAA', 'T3', 'Test\\T2\\T3', 0, 669),
	(679, 'AAA', 'T4', 'Test\\T2\\T4', 0, 669),
	(680, 'AAA', 'T1', 'Test\\T3\\T1', 0, 670),
	(681, 'AAA', 'T2', 'Test\\T3\\T2', 0, 670),
	(682, 'AAA', 'T3', 'Test\\T3\\T3', 0, 670),
	(683, 'AAA', 'T4', 'Test\\T3\\T4', 0, 670),
	(684, 'AAA', 'T1', 'Test\\T4\\T1', 0, 671),
	(685, 'AAA', 'T2', 'Test\\T4\\T2', 0, 671),
	(686, 'AAA', 'T3', 'Test\\T4\\T3', 0, 671),
	(687, 'AAA', 'T4', 'Test\\T4\\T4', 0, 671),
	(688, 'AAA', 'T1', 'Test\\T1\\T1\\T1', 0, 672),
	(689, 'AAA', 'T2', 'Test\\T1\\T1\\T2', 0, 672),
	(690, 'AAA', 'T3', 'Test\\T1\\T1\\T3', 0, 672),
	(691, 'AAA', 'T4', 'Test\\T1\\T1\\T4', 0, 672),
	(692, 'AAA', 'T1', 'Test\\T1\\T2\\T1', 0, 673),
	(693, 'AAA', 'T2', 'Test\\T1\\T2\\T2', 0, 673),
	(694, 'AAA', 'T3', 'Test\\T1\\T2\\T3', 0, 673),
	(695, 'AAA', 'T4', 'Test\\T1\\T2\\T4', 0, 673),
	(696, 'AAA', 'T1', 'Test\\T1\\T3\\T1', 0, 674),
	(697, 'AAA', 'T2', 'Test\\T1\\T3\\T2', 0, 674),
	(698, 'AAA', 'T3', 'Test\\T1\\T3\\T3', 0, 674),
	(699, 'AAA', 'T4', 'Test\\T1\\T3\\T4', 0, 674),
	(700, 'AAA', 'T1', 'Test\\T1\\T4\\T1', 0, 675),
	(701, 'AAA', 'T2', 'Test\\T1\\T4\\T2', 0, 675),
	(702, 'AAA', 'T3', 'Test\\T1\\T4\\T3', 0, 675),
	(703, 'AAA', 'T4', 'Test\\T1\\T4\\T4', 0, 675),
	(704, 'AAA', 'T1', 'Test\\T2\\T1\\T1', 0, 676),
	(705, 'AAA', 'T2', 'Test\\T2\\T1\\T2', 0, 676),
	(706, 'AAA', 'T3', 'Test\\T2\\T1\\T3', 0, 676),
	(707, 'AAA', 'T4', 'Test\\T2\\T1\\T4', 0, 676),
	(708, 'AAA', 'T1', 'Test\\T2\\T2\\T1', 0, 677),
	(709, 'AAA', 'T2', 'Test\\T2\\T2\\T2', 0, 677),
	(710, 'AAA', 'T3', 'Test\\T2\\T2\\T3', 0, 677),
	(711, 'AAA', 'T4', 'Test\\T2\\T2\\T4', 0, 677),
	(712, 'AAA', 'T1', 'Test\\T2\\T3\\T1', 0, 678),
	(713, 'AAA', 'T2', 'Test\\T2\\T3\\T2', 0, 678),
	(714, 'AAA', 'T3', 'Test\\T2\\T3\\T3', 0, 678),
	(715, 'AAA', 'T4', 'Test\\T2\\T3\\T4', 0, 678),
	(716, 'AAA', 'T1', 'Test\\T2\\T4\\T1', 0, 679),
	(717, 'AAA', 'T2', 'Test\\T2\\T4\\T2', 0, 679),
	(718, 'AAA', 'T3', 'Test\\T2\\T4\\T3', 0, 679),
	(719, 'AAA', 'T4', 'Test\\T2\\T4\\T4', 0, 679),
	(720, 'AAA', 'T1', 'Test\\T2\\T1\\T1', 0, 680),
	(721, 'AAA', 'T2', 'Test\\T2\\T1\\T2', 0, 680),
	(722, 'AAA', 'T3', 'Test\\T2\\T1\\T3', 0, 680),
	(723, 'AAA', 'T4', 'Test\\T2\\T1\\T4', 0, 680),
	(724, 'AAA', 'T1', 'Test\\T2\\T2\\T1', 0, 681),
	(725, 'AAA', 'T2', 'Test\\T2\\T2\\T2', 0, 681),
	(726, 'AAA', 'T3', 'Test\\T2\\T2\\T3', 0, 681),
	(727, 'AAA', 'T4', 'Test\\T2\\T2\\T4', 0, 681),
	(728, 'AAA', 'T1', 'Test\\T2\\T3\\T1', 0, 682),
	(729, 'AAA', 'T2', 'Test\\T2\\T3\\T2', 0, 682),
	(730, 'AAA', 'T3', 'Test\\T2\\T3\\T3', 0, 682),
	(731, 'AAA', 'T4', 'Test\\T2\\T3\\T4', 0, 682),
	(732, 'AAA', 'T1', 'Test\\T2\\T4\\T1', 0, 683),
	(733, 'AAA', 'T2', 'Test\\T2\\T4\\T2', 0, 683),
	(734, 'AAA', 'T3', 'Test\\T2\\T4\\T3', 0, 683),
	(735, 'AAA', 'T4', 'Test\\T2\\T4\\T4', 0, 683),
	(736, 'AAA', 'T1', 'Test\\T2\\T1\\T1', 0, 684),
	(737, 'AAA', 'T2', 'Test\\T2\\T1\\T2', 0, 684),
	(738, 'AAA', 'T3', 'Test\\T2\\T1\\T3', 0, 684),
	(739, 'AAA', 'T4', 'Test\\T2\\T1\\T4', 0, 684),
	(740, 'AAA', 'T1', 'Test\\T2\\T2\\T1', 0, 685),
	(741, 'AAA', 'T2', 'Test\\T2\\T2\\T2', 0, 685),
	(742, 'AAA', 'T3', 'Test\\T2\\T2\\T3', 0, 685),
	(743, 'AAA', 'T4', 'Test\\T2\\T2\\T4', 0, 685),
	(744, 'AAA', 'T1', 'Test\\T2\\T3\\T1', 0, 686),
	(745, 'AAA', 'T2', 'Test\\T2\\T3\\T2', 0, 686),
	(746, 'AAA', 'T3', 'Test\\T2\\T3\\T3', 0, 686),
	(747, 'AAA', 'T4', 'Test\\T2\\T3\\T4', 0, 686),
	(748, 'AAA', 'T1', 'Test\\T2\\T4\\T1', 0, 687),
	(749, 'AAA', 'T2', 'Test\\T2\\T4\\T2', 0, 687),
	(750, 'AAA', 'T3', 'Test\\T2\\T4\\T3', 0, 687),
	(751, 'AAA', 'T4', 'Test\\T2\\T4\\T4', 0, 687);
/*!40000 ALTER TABLE `category` ENABLE KEYS */;

-- Dumpen data van tabel modelbuilder.countries: ~5 rows (ongeveer)
DELETE FROM `countries`;
/*!40000 ALTER TABLE `countries` DISABLE KEYS */;
INSERT INTO `countries` (`country_Id`, `country_Code`, `currency_Symbol`, `country_Description`, `currency_Id`) VALUES
	(1, 'NL', '€', 'Nederland', 1),
	(2, 'UK', '£', 'United Kingdom', 2),
	(3, 'US', '$', 'United States', 3),
	(4, 'DE', '€', 'Duitsland', 1),
	(14, 'ESP', '€', 'Spanje', 1);
/*!40000 ALTER TABLE `countries` ENABLE KEYS */;

-- Dumpen data van tabel modelbuilder.currencies: ~4 rows (ongeveer)
DELETE FROM `currencies`;
/*!40000 ALTER TABLE `currencies` DISABLE KEYS */;
INSERT INTO `currencies` (`currency_Id`, `currency_Code`, `currency_Symbol`, `currency_Description`, `currency_ConversionRate`) VALUES
	(1, 'EUR', '€', 'Euro', 1),
	(2, 'GBP', '£', 'Britse pond', 1.1079),
	(3, 'USD', '$', 'Amerikaanse dollar', 0.8442),
	(8, 'YEN', 'Y', 'Yen', 3.34);
/*!40000 ALTER TABLE `currencies` ENABLE KEYS */;

-- Dumpen data van tabel modelbuilder.language: ~2 rows (ongeveer)
DELETE FROM `language`;
/*!40000 ALTER TABLE `language` DISABLE KEYS */;
INSERT INTO `language` (`language_Id`, `language_code`, `language_Description`) VALUES
	(1, 'NL', 'Nederlands'),
	(2, 'EN', 'English'),
	(3, 'DE', 'Deutsch');
/*!40000 ALTER TABLE `language` ENABLE KEYS */;

-- Dumpen data van tabel modelbuilder.products: ~0 rows (ongeveer)
DELETE FROM `products`;
/*!40000 ALTER TABLE `products` DISABLE KEYS */;
/*!40000 ALTER TABLE `products` ENABLE KEYS */;

-- Dumpen data van tabel modelbuilder.projects: ~0 rows (ongeveer)
DELETE FROM `projects`;
/*!40000 ALTER TABLE `projects` DISABLE KEYS */;
/*!40000 ALTER TABLE `projects` ENABLE KEYS */;

-- Dumpen data van tabel modelbuilder.storage: ~105 rows (ongeveer)
DELETE FROM `storage`;
/*!40000 ALTER TABLE `storage` DISABLE KEYS */;
INSERT INTO `storage` (`storage_Id`, `storage_ParentId`, `storage_Parent`, `storage_Code`, `storage_Description`, `storage_Level`) VALUES
	(1, NULL, NULL, 'WERF', 'Herberts Werf', 0),
	(2, 1, 'WERF/KAST', 'KAST', 'Hoge kast', 1),
	(3, 2, 'WERF/KAST/PLNKN', 'PLNKN', 'Hoge kast  - Planken', 2),
	(4, 3, 'WERF/KAST/PLNKN/KP0', 'KP0', 'Hoge kast  - Planken: op de kast', 3),
	(5, 3, 'WERF/KAST/PLNKN/PLNK1', 'PLNK1', 'Hoge kast  - Planken: bovenste plank', 3),
	(6, 3, 'WERF/KAST/PLNKN/PLNK2', 'PLNK2', 'Hoge kast  - Planken: 2e plank', 3),
	(7, 3, 'WERF/KAST/PLNKN/PLNK3', 'PLNK3', 'Hoge kast  - Planken: 3e plank', 3),
	(8, 3, 'WERF/KAST/PLNKN/PLNK4', 'PLNK4', 'Hoge kast  - Planken: 4e plank', 3),
	(9, 3, 'WERF/KAST/PLNKN/PLNK5', 'PLNK5', 'Hoge kast  - Planken: onderste plank', 3),
	(10, 2, 'WERF/KAST/ZIJKANT', 'ZIJKANT', 'Hoge kast  - Zijkant', 2),
	(11, 10, 'WERF/KAST/ZIJKANT/ZIJLAT0', 'ZIJLAT0', 'Hoge kast  - Zijkant: zijkant bovenste klemmenlat', 3),
	(12, 10, 'WERF/KAST/ZIJKANT/ZIJLAT1', 'ZIJLAT1', 'Hoge kast  - Zijkant: zijkant 2e klemmenlat', 3),
	(13, 10, 'WERF/KAST/ZIJKANT/ZIJLAT2', 'ZIJLAT2', 'Hoge kast  - Zijkant: zijkant 3e klemmenlat', 3),
	(14, 10, 'WERF/KAST/ZIJKANT/ZIJLAT3', 'ZIJLAT3', 'Hoge kast  - Zijkant: zijkant 4e klemmenlat', 3),
	(15, 10, 'WERF/KAST/ZIJKANT/ZIJLAT4', 'ZIJLAT4', 'Hoge kast  - Zijkant: onderste klemmenlat', 3),
	(16, 1, 'WERF/LK', 'LK', 'Ladenkast', 1),
	(23, 1, 'WERF/P1', 'P1', 'Onderste muurplank  - Op de plank', 1),
	(24, 23, 'WERF/P1/BAK01', 'BAK01', 'Onderste muurplank  - Garenbak 01 (rood) ', 2),
	(43, 42, 'WERF/P1/BAK02', 'BAK02', 'Onderste muurplank  - Garenbak 02 (blauw) ', 2),
	(60, 59, 'WERF/P1/BAK03', 'BAK03', 'Onderste muurplank  - Bak 03 (turquoise)', 2),
	(85, 84, 'WERF/P1/BAK04', 'BAK04', 'Onderste muurplank  - Bak 04', 2),
	(126, 125, 'WERF/P1/BAK05', 'BAK05', 'Onderste muurplank  - Bak 05', 2),
	(151, 150, 'WERF/P1/BAK06', 'BAK06', 'Onderste muurplank  - Bak 06', 2),
	(157, 151, 'WERF/P1/BAK06/R1V06', 'R1V06', 'Onderste muurplank  - Bak 06: rij 1 vak 06', 3),
	(158, 151, 'WERF/P1/BAK06/R1V07', 'R1V07', 'Onderste muurplank  - Bak 06: rij 1 vak 07', 3),
	(159, 151, 'WERF/P1/BAK06/R1V08', 'R1V08', 'Onderste muurplank  - Bak 06: rij 1 vak 08', 3),
	(160, 151, 'WERF/P1/BAK06/R1V09', 'R1V09', 'Onderste muurplank  - Bak 06: rij 1 vak 09', 3),
	(161, 151, 'WERF/P1/BAK06/R1V10', 'R1V10', 'Onderste muurplank  - Bak 06: rij 1 vak 10', 3),
	(170, 151, 'WERF/P1/BAK06/R2V09', 'R2V09', 'Onderste muurplank  - Bak 06: rij 2 vak 09', 3),
	(171, 151, 'WERF/P1/BAK06/R2V10', 'R2V10', 'Onderste muurplank  - Bak 06: rij 2 vak 10', 3),
	(180, 151, 'WERF/P1/BAK06/R3V09', 'R3V09', 'Onderste muurplank  - Bak 06: rij 3 vak 09', 3),
	(181, 151, 'WERF/P1/BAK06/R3V10', 'R3V10', 'Onderste muurplank  - Bak 06: rij 3 vak 10', 3),
	(186, 151, 'WERF/P1/BAK06/R4V05', 'R4V05', 'Onderste muurplank  - Bak 06: rij 4 vak 05', 3),
	(187, 151, 'WERF/P1/BAK06/R4V06', 'R4V06', 'Onderste muurplank  - Bak 06: rij 4 vak 06', 3),
	(188, 151, 'WERF/P1/BAK06/R4V07', 'R4V07', 'Onderste muurplank  - Bak 06: rij 4 vak 07', 3),
	(189, 151, 'WERF/P1/BAK06/R4V08', 'R4V08', 'Onderste muurplank  - Bak 06: rij 4 vak 08', 3),
	(190, 151, 'WERF/P1/BAK06/R4V09', 'R4V09', 'Onderste muurplank  - Bak 06: rij 4 vak 09', 3),
	(191, 151, 'WERF/P1/BAK06/R4V10', 'R4V10', 'Onderste muurplank  - Bak 06: rij 4 vak 10', 3),
	(192, 191, 'WERF/P1/BAK07', 'BAK07', 'Onderste muurplank  - Draadbak 07', 2),
	(193, 192, 'WERF/P1/BAK07/R1V01', 'R1V01', 'Onderste muurplank  - Draadbak 07: rij 1 vak 01', 3),
	(194, 192, 'WERF/P1/BAK07/R1V02', 'R1V02', 'Onderste muurplank  - Draadbak 07: rij 1 vak 02', 3),
	(195, 192, 'WERF/P1/BAK07/R1V03', 'R1V03', 'Onderste muurplank  - Draadbak 07: rij 1 vak 03', 3),
	(196, 192, 'WERF/P1/BAK07/R1V04', 'R1V04', 'Onderste muurplank  - Draadbak 07: rij 1 vak 04', 3),
	(197, 192, 'WERF/P1/BAK07/R1V05', 'R1V05', 'Onderste muurplank  - Draadbak 07: rij 1 vak 05', 3),
	(198, 192, 'WERF/P1/BAK07/R2V01', 'R2V01', 'Onderste muurplank  - Draadbak 07: rij 2 vak 01', 3),
	(199, 192, 'WERF/P1/BAK07/R2V02', 'R2V02', 'Onderste muurplank  - Draadbak 07: rij 2 vak 02', 3),
	(200, 192, 'WERF/P1/BAK07/R2V03', 'R2V03', 'Onderste muurplank  - Draadbak 07: rij 2 vak 03', 3),
	(201, 192, 'WERF/P1/BAK07/R2V04', 'R2V04', 'Onderste muurplank  - Draadbak 07: rij 2 vak 04', 3),
	(202, 192, 'WERF/P1/BAK07/R2V05', 'R2V05', 'Onderste muurplank  - Draadbak 07: rij 2 vak 05', 3),
	(203, 192, 'WERF/P1/BAK07/R2V06', 'R2V06', 'Onderste muurplank  - Draadbak 07: rij 2 vak 06', 3),
	(204, 192, 'WERF/P1/BAK07/R2V07', 'R2V07', 'Onderste muurplank  - Draadbak 07: rij 2 vak 07', 3),
	(205, 192, 'WERF/P1/BAK07/R2V08', 'R2V08', 'Onderste muurplank  - Draadbak 07: rij 2 vak 08', 3),
	(206, 192, 'WERF/P1/BAK07/R3V01', 'R3V01', 'Onderste muurplank  - Draadbak 07: rij 3 vak 01', 3),
	(207, 192, 'WERF/P1/BAK07/R3V02', 'R3V02', 'Onderste muurplank  - Draadbak 07: rij 3 vak 02', 3),
	(208, 192, 'WERF/P1/BAK07/R3V03', 'R3V03', 'Onderste muurplank  - Draadbak 07: rij 3 vak 03', 3),
	(209, 192, 'WERF/P1/BAK07/R3V04', 'R3V04', 'Onderste muurplank  - Draadbak 07: rij 3 vak 04', 3),
	(210, 192, 'WERF/P1/BAK07/R3V05', 'R3V05', 'Onderste muurplank  - Draadbak 07: rij 3 vak 05', 3),
	(211, 192, 'WERF/P1/BAK07/R3V06', 'R3V06', 'Onderste muurplank  - Draadbak 07: rij 3 vak 06', 3),
	(212, 192, 'WERF/P1/BAK07/R3V07', 'R3V07', 'Onderste muurplank  - Draadbak 07: rij 3 vak 07', 3),
	(213, 192, 'WERF/P1/BAK07/R3V08', 'R3V08', 'Onderste muurplank  - Draadbak 07: rij 3 vak 08', 3),
	(214, 192, 'WERF/P1/BAK07/R4V01', 'R4V01', 'Onderste muurplank  - Draadbak 07: rij 4 vak 01', 3),
	(215, 192, 'WERF/P1/BAK07/R4V02', 'R4V02', 'Onderste muurplank  - Draadbak 07: rij 4 vak 02', 3),
	(216, 192, 'WERF/P1/BAK07/R4V03', 'R4V03', 'Onderste muurplank  - Draadbak 07: rij 4 vak 03', 3),
	(217, 192, 'WERF/P1/BAK07/R4V04', 'R4V04', 'Onderste muurplank  - Draadbak 07: rij 4 vak 04', 3),
	(218, 217, 'WERF/P1/LKAST2', 'LKAST2', 'Onderste muurplank  - Ladenkast (5 lades)', 2),
	(219, 218, 'WERF/P1/LKAST2/L01', 'L01', 'Onderste muurplank  - Ladenkast (5 lades): boven links', 3),
	(220, 218, 'WERF/P1/LKAST2/L02', 'L02', 'Onderste muurplank  - Ladenkast (5 lades): boven midden', 3),
	(221, 218, 'WERF/P1/LKAST2/L03', 'L03', 'Onderste muurplank  - Ladenkast (5 lades): boven rechts', 3),
	(222, 218, 'WERF/P1/LKAST2/L04', 'L04', 'Onderste muurplank  - Ladenkast (5 lades): midden', 3),
	(223, 218, 'WERF/P1/LKAST2/L05', 'L05', 'Onderste muurplank  - Ladenkast (5 lades): onder', 3),
	(224, 223, 'WERF/P1/WORKB', 'WORKB', 'Onderste muurplank  - Workbench', 2),
	(225, 225, 'WERF/P1/WORKB/GH', 'GH', 'Onderste muurplank  - Workbench: gereedschaphouder', 3),
	(226, 225, 'WERF/P1/WORKB/LADE0', 'LADE0', 'Onderste muurplank  - Workbench: top (boven lades)', 3),
	(227, 225, 'WERF/P1/WORKB/LADE1', 'LADE1', 'Onderste muurplank  - Workbench: lade 1', 3),
	(228, 225, 'WERF/P1/WORKB/LADE2', 'LADE2', 'Onderste muurplank  - Workbench: lade 2', 3),
	(229, 225, 'WERF/P1/WORKB/LADE3', 'LADE3', 'Onderste muurplank  - Workbench: lade 3', 3),
	(230, 225, 'WERF/P1/WORKB/LADE4', 'LADE4', 'Onderste muurplank  - Workbench: lade 4', 3),
	(231, 225, 'WERF/P1/WORKB/LADE5', 'LADE5', 'Onderste muurplank  - Workbench: lade 5', 3),
	(232, 225, 'WERF/P1/WORKB/LADE6', 'LADE6', 'Onderste muurplank  - Workbench: lade 6', 3),
	(233, 225, 'WERF/P1/WORKB/LADE7', 'LADE7', 'Onderste muurplank  - Workbench: verzamellade', 3),
	(234, 225, 'WERF/P1/WORKB/WERKR', 'WERKR', 'Onderste muurplank  - Workbench: werkruimte', 3),
	(235, 225, 'WERF/P1/WORKB/ZIJVAK1', 'ZIJVAK1', 'Onderste muurplank  - Workbench: voorste zijvak', 3),
	(236, 225, 'WERF/P1/WORKB/ZIJVAK2', 'ZIJVAK2', 'Onderste muurplank  - Workbench: zijvak 2', 3),
	(237, 225, 'WERF/P1/WORKB/ZIJVAK3', 'ZIJVAK3', 'Onderste muurplank  - Workbench: zijvak 3', 3),
	(238, 225, 'WERF/P1/WORKB/ZIJVAK4', 'ZIJVAK4', 'Onderste muurplank  - Workbench: zijvak 4', 3),
	(239, 225, 'WERF/P1/WORKB/ZIJVAK5', 'ZIJVAK5', 'Onderste muurplank  - Workbench: achterste zijvak', 3),
	(240, 1, 'WERF/P2', 'P2', 'Middelste muurplank  - Op de plank', 1),
	(241, 1, 'WERF/P3', 'P3', 'Bovenste muurplank  - Op de plank', 1),
	(242, 1, 'WERF/WB', 'WB', 'Werkbank  - Op de werkbank', 1),
	(243, 243, 'WERF/WB/GH1', 'GH1', 'Werkbank  - Gereedschapshouder (hoofd)', 2),
	(244, 243, 'WERF/WB/GH2', 'GH2', 'Werkbank  - Gereedschaphouder (Sub)', 2),
	(245, 243, 'WERF/WB/LKAST1', 'LKAST1', 'Werkbank  - Ladenkast (9 lades)', 2),
	(246, 246, 'WERF/WB/LKAST1/LADE01', 'LADE01', 'Werkbank  - Ladenkast (9 lades): boven links', 3),
	(247, 246, 'WERF/WB/LKAST1/LADE02', 'LADE02', 'Werkbank  - Ladenkast (9 lades): boven midden', 3),
	(248, 246, 'WERF/WB/LKAST1/LADE03', 'LADE03', 'Werkbank  - Ladenkast (9 lades): boven rechts', 3),
	(249, 246, 'WERF/WB/LKAST1/LADE04', 'LADE04', 'Werkbank  - Ladenkast (9 lades): midden links', 3),
	(250, 246, 'WERF/WB/LKAST1/LADE05', 'LADE05', 'Werkbank  - Ladenkast (9 lades): midden midden', 3),
	(251, 246, 'WERF/WB/LKAST1/LADE06', 'LADE06', 'Werkbank  - Ladenkast (9 lades): midden rechts', 3),
	(252, 246, 'WERF/WB/LKAST1/LADE07', 'LADE07', 'Werkbank  - Ladenkast (9 lades): onder links', 3),
	(253, 246, 'WERF/WB/LKAST1/LADE08', 'LADE08', 'Werkbank  - Ladenkast (9 lades): onder midden', 3),
	(254, 246, 'WERF/WB/LKAST1/LADE09', 'LADE09', 'Werkbank  - Ladenkast (9 lades): onder rechts', 3),
	(255, 243, 'WERF/WB/OND', 'OND', 'Werkbank  - Onder de werkbak', 2),
	(256, 243, 'WERF/WB/TRIB1', 'TRIB1', 'Werkbank  - Linker tribube (verf)', 2),
	(257, 243, 'WERF/WB/TRIB2', 'TRIB2', 'Werkbank  - Middelste tribune', 2),
	(258, 243, 'WERF/WB/TRIB3', 'TRIB3', 'Werkbank  - Rechtertribune', 2);
/*!40000 ALTER TABLE `storage` ENABLE KEYS */;

-- Dumpen data van tabel modelbuilder.supplier: ~0 rows (ongeveer)
DELETE FROM `supplier`;
/*!40000 ALTER TABLE `supplier` DISABLE KEYS */;
/*!40000 ALTER TABLE `supplier` ENABLE KEYS */;

-- Dumpen data van tabel modelbuilder.worktypes: ~0 rows (ongeveer)
DELETE FROM `worktypes`;
/*!40000 ALTER TABLE `worktypes` DISABLE KEYS */;
/*!40000 ALTER TABLE `worktypes` ENABLE KEYS */;

/*!40101 SET SQL_MODE=IFNULL(@OLD_SQL_MODE, '') */;
/*!40014 SET FOREIGN_KEY_CHECKS=IFNULL(@OLD_FOREIGN_KEY_CHECKS, 1) */;
/*!40101 SET CHARACTER_SET_CLIENT=@OLD_CHARACTER_SET_CLIENT */;
/*!40111 SET SQL_NOTES=IFNULL(@OLD_SQL_NOTES, 1) */;
